{
	"groups": [
		{
			"groupId": 1,
			"groupName": "Ad Blocking",
			"displayNumber": 1
		},
		{
			"groupId": 2,
			"groupName": "Privacy",
			"displayNumber": 2
		},
		{
			"groupId": 3,
			"groupName": "Social Widgets",
			"displayNumber": 3
		},
		{
			"groupId": 4,
			"groupName": "Annoyances",
			"displayNumber": 4
		},
		{
			"groupId": 5,
			"groupName": "Security",
			"displayNumber": 5
		},
		{
			"groupId": 6,
			"groupName": "Other",
			"displayNumber": 6
		},
		{
			"groupId": 7,
			"groupName": "Language-specific",
			"displayNumber": 7
		}
	],
	"tags": [
		{
			"tagId": 1,
			"keyword": "purpose:ads"
		},
		{
			"tagId": 2,
			"keyword": "purpose:privacy"
		},
		{
			"tagId": 3,
			"keyword": "purpose:social"
		},
		{
			"tagId": 4,
			"keyword": "purpose:security"
		},
		{
			"tagId": 5,
			"keyword": "purpose:annoyances"
		},
		{
			"tagId": 6,
			"keyword": "purpose:cookies"
		},
		{
			"tagId": 7,
			"keyword": "lang:en"
		},
		{
			"tagId": 8,
			"keyword": "lang:ru"
		},
		{
			"tagId": 9,
			"keyword": "reference:101"
		},
		{
			"tagId": 10,
			"keyword": "recommended"
		},
		{
			"tagId": 11,
			"keyword": "reference:2"
		},
		{
			"tagId": 12,
			"keyword": "lang:de"
		},
		{
			"tagId": 13,
			"keyword": "reference:107"
		},
		{
			"tagId": 14,
			"keyword": "lang:ja"
		},
		{
			"tagId": 15,
			"keyword": "lang:nl"
		},
		{
			"tagId": 16,
			"keyword": "reference:106"
		},
		{
			"tagId": 17,
			"keyword": "lang:es"
		},
		{
			"tagId": 18,
			"keyword": "lang:pt"
		},
		{
			"tagId": 19,
			"keyword": "platform:mobile"
		},
		{
			"tagId": 20,
			"keyword": "purpose:unbreak"
		},
		{
			"tagId": 21,
			"keyword": "platform:ios"
		},
		{
			"tagId": 22,
			"keyword": "platform:ext_safari"
		},
		{
			"tagId": 23,
			"keyword": "platform:ext_android_cb"
		},
		{
			"tagId": 24,
			"keyword": "lang:tr"
		},
		{
			"tagId": 25,
			"keyword": "reference:3"
		},
		{
			"tagId": 26,
			"keyword": "reference:11"
		},
		{
			"tagId": 27,
			"keyword": "lang:fr"
		},
		{
			"tagId": 28,
			"keyword": "reference:113"
		},
		{
			"tagId": 29,
			"keyword": "lang:id"
		},
		{
			"tagId": 30,
			"keyword": "lang:bg"
		},
		{
			"tagId": 31,
			"keyword": "lang:zh"
		},
		{
			"tagId": 32,
			"keyword": "lang:cs"
		},
		{
			"tagId": 33,
			"keyword": "lang:sk"
		},
		{
			"tagId": 34,
			"keyword": "lang:he"
		},
		{
			"tagId": 35,
			"keyword": "lang:it"
		},
		{
			"tagId": 36,
			"keyword": "lang:lv"
		},
		{
			"tagId": 37,
			"keyword": "lang:lt"
		},
		{
			"tagId": 38,
			"keyword": "lang:ar"
		},
		{
			"tagId": 39,
			"keyword": "lang:ro"
		},
		{
			"tagId": 40,
			"keyword": "lang:fi"
		},
		{
			"tagId": 41,
			"keyword": "lang:pl"
		},
		{
			"tagId": 42,
			"keyword": "lang:is"
		},
		{
			"tagId": 43,
			"keyword": "lang:no"
		},
		{
			"tagId": 44,
			"keyword": "lang:el"
		},
		{
			"tagId": 45,
			"keyword": "problematic"
		},
		{
			"tagId": 46,
			"keyword": "obsolete"
		},
		{
			"tagId": 47,
			"keyword": "lang:cz"
		},
		{
			"tagId": 48,
			"keyword": "lang:hu"
		},
		{
			"tagId": 49,
			"keyword": "lang:da"
		},
		{
			"tagId": 50,
			"keyword": "purpose:antiadblock"
		},
		{
			"tagId": 51,
			"keyword": "purpose:cookienotices"
		},
		{
			"tagId": 52,
			"keyword": "lang:vi"
		},
		{
			"tagId": 53,
			"keyword": "lang:et"
		},
		{
			"tagId": 54,
			"keyword": "lang:fa"
		},
		{
			"tagId": 55,
			"keyword": "lang:sv"
		},
		{
			"tagId": 56,
			"keyword": "lang:ko"
		},
		{
			"tagId": 57,
			"keyword": "reference:114"
		},
		{
			"tagId": 58,
			"keyword": "reference:118"
		},
		{
			"tagId": 59,
			"keyword": "reference:102"
		},
		{
			"tagId": 60,
			"keyword": "reference:13"
		},
		{
			"tagId": 61,
			"keyword": "reference:16"
		},
		{
			"tagId": 62,
			"keyword": "reference:237"
		},
		{
			"tagId": 63,
			"keyword": "lang:fo"
		},
		{
			"tagId": 64,
			"keyword": "lang:th"
		},
		{
			"tagId": 65,
			"keyword": "lang:sr"
		},
		{
			"tagId": 66,
			"keyword": "lang:hr"
		},
		{
			"tagId": 67,
			"keyword": "lang:hi"
		},
		{
			"tagId": 68,
			"keyword": "lang:uk"
		},
		{
			"tagId": 69,
			"keyword": "lang:tg"
		},
		{
			"tagId": 70,
			"keyword": "lang:ps"
		},
		{
			"tagId": 71,
			"keyword": "lang:mk"
		}
	],
	"filters": [
		{
			"filterId": 101,
			"name": "EasyList",
			"description": "EasyList is the primary subscription that removes adverts from web pages in English. Already included in AdGuard Base filter.",
			"timeAdded": "2014-06-30T07:56:55+0000",
			"homepage": "https://easylist.to/",
			"expires": 345600,
			"displayNumber": 3,
			"groupId": 1,
			"subscriptionUrl": "https://secure.fanboy.co.nz/easylist.txt",
			"trustLevel": "low",
			"version": "2.1.2.80",
			"timeUpdated": "2023-04-03T09:00:23+0000",
			"languages": [],
			"tags": [
				1
			]
		},
		{
			"filterId": 102,
			"name": "ABPindo",
			"description": "Additional filter list for websites in Indonesian.",
			"timeAdded": "2014-06-30T07:56:55+0000",
			"homepage": "https://github.com/ABPindo/indonesianadblockrules",
			"expires": 345600,
			"displayNumber": 2,
			"groupId": 7,
			"subscriptionUrl": "https://raw.githubusercontent.com/ABPindo/indonesianadblockrules/master/subscriptions/abpindo.txt",
			"trustLevel": "high",
			"version": "2.0.5.75",
			"timeUpdated": "2023-03-27T17:00:22+0000",
			"languages": [],
			"tags": [
				1,
				9,
				29
			]
		},
		{
			"filterId": 103,
			"name": "Bulgarian list",
			"description": "Additional filter list for websites in Bulgarian.",
			"timeAdded": "2014-06-30T07:56:55+0000",
			"homepage": "https://stanev.org/abp/",
			"expires": 345600,
			"displayNumber": 2,
			"groupId": 7,
			"subscriptionUrl": "https://stanev.org/abp/adblock_bg.txt",
			"trustLevel": "high",
			"version": "2.0.0.33",
			"timeUpdated": "2022-06-13T09:00:34+0000",
			"languages": [
				"bg"
			],
			"tags": [
				1,
				9,
				10,
				30
			]
		},
		{
			"filterId": 104,
			"name": "EasyList China",
			"description": "Additional filter list for websites in Chinese. Already included in AdGuard Chinese filter.",
			"timeAdded": "2014-06-30T07:56:55+0000",
			"homepage": "https://github.com/easylist/easylistchina",
			"expires": 345600,
			"displayNumber": 2,
			"groupId": 7,
			"subscriptionUrl": "https://raw.githubusercontent.com/easylist/easylistchina/master/easylistchina.txt",
			"trustLevel": "high",
			"version": "2.1.22.1",
			"timeUpdated": "2023-04-03T09:00:28+0000",
			"languages": [],
			"tags": [
				1,
				9,
				31
			]
		},
		{
			"filterId": 105,
			"name": "EasyList Czech and Slovak",
			"description": "Additional filter list for websites in Czech and Slovak.",
			"timeAdded": "2014-06-30T07:56:55+0000",
			"homepage": "https://github.com/tomasko126/easylistczechandslovak",
			"expires": 345600,
			"displayNumber": 2,
			"groupId": 7,
			"subscriptionUrl": "https://raw.githubusercontent.com/tomasko126/easylistczechandslovak/master/filters.txt",
			"trustLevel": "high",
			"version": "2.0.2.34",
			"timeUpdated": "2023-03-24T01:00:27+0000",
			"languages": [
				"cs",
				"sk"
			],
			"tags": [
				1,
				9,
				10,
				32,
				33
			]
		},
		{
			"filterId": 106,
			"name": "EasyList Dutch",
			"description": "Additional filter list for websites in Dutch. Already included in AdGuard Dutch filter.",
			"timeAdded": "2014-06-30T07:56:55+0000",
			"homepage": "https://easylist.to/",
			"expires": 345600,
			"displayNumber": 2,
			"groupId": 7,
			"subscriptionUrl": "https://easylist-downloads.adblockplus.org/easylistdutch.txt",
			"trustLevel": "low",
			"version": "2.1.25.77",
			"timeUpdated": "2023-04-03T09:00:29+0000",
			"languages": [],
			"tags": [
				1,
				9,
				15
			]
		},
		{
			"filterId": 107,
			"name": "EasyList Germany",
			"description": "Additional filter list for websites in German. Already included in AdGuard German filter.",
			"timeAdded": "2014-06-30T07:56:55+0000",
			"homepage": "https://easylist.to/",
			"expires": 345600,
			"displayNumber": 2,
			"groupId": 7,
			"subscriptionUrl": "https://easylist.to/easylistgermany/easylistgermany.txt",
			"trustLevel": "low",
			"version": "2.0.10.17",
			"timeUpdated": "2023-04-01T17:00:28+0000",
			"languages": [],
			"tags": [
				1,
				9,
				12
			]
		},
		{
			"filterId": 108,
			"name": "EasyList Hebrew",
			"description": "Additional filter list for websites in Hebrew.",
			"timeAdded": "2014-06-30T07:56:55+0000",
			"homepage": "https://github.com/easylist/EasyListHebrew",
			"expires": 345600,
			"displayNumber": 2,
			"groupId": 7,
			"subscriptionUrl": "https://raw.githubusercontent.com/easylist/EasyListHebrew/master/EasyListHebrew.txt",
			"trustLevel": "high",
			"version": "2.0.4.13",
			"timeUpdated": "2023-04-03T01:00:28+0000",
			"languages": [
				"he"
			],
			"tags": [
				1,
				9,
				10,
				34
			]
		},
		{
			"filterId": 109,
			"name": "EasyList Italy",
			"description": "Additional filter list for websites in Italian.",
			"timeAdded": "2014-06-30T07:56:55+0000",
			"homepage": "https://easylist.to/",
			"expires": 345600,
			"displayNumber": 2,
			"groupId": 7,
			"subscriptionUrl": "https://easylist-downloads.adblockplus.org/easylistitaly.txt",
			"trustLevel": "high",
			"version": "2.1.25.79",
			"timeUpdated": "2023-04-03T09:00:33+0000",
			"languages": [
				"it"
			],
			"tags": [
				1,
				9,
				10,
				35
			]
		},
		{
			"filterId": 110,
			"name": "EasyList Lithuania",
			"description": "Additional filter list for websites in Lithuanian.",
			"timeAdded": "2014-06-30T07:56:55+0000",
			"homepage": "https://github.com/EasyList-Lithuania/easylist_lithuania",
			"expires": 345600,
			"displayNumber": 2,
			"groupId": 7,
			"subscriptionUrl": "https://raw.githubusercontent.com/EasyList-Lithuania/easylist_lithuania/master/easylistlithuania.txt",
			"trustLevel": "high",
			"version": "2.0.2.51",
			"timeUpdated": "2023-03-23T13:00:31+0000",
			"languages": [
				"lt"
			],
			"tags": [
				1,
				9,
				10,
				37
			]
		},
		{
			"filterId": 111,
			"name": "Latvian List",
			"description": "Additional filter list for websites in Latvian.",
			"timeAdded": "2014-06-30T07:56:55+0000",
			"homepage": "https://github.com/Latvian-List/adblock-latvian",
			"expires": 345600,
			"displayNumber": 2,
			"groupId": 7,
			"subscriptionUrl": "https://raw.githubusercontent.com/Latvian-List/adblock-latvian/master/lists/latvian-list.txt",
			"trustLevel": "high",
			"version": "2.0.0.56",
			"timeUpdated": "2023-02-10T13:00:38+0000",
			"languages": [
				"lv"
			],
			"tags": [
				1,
				9,
				10,
				36
			]
		},
		{
			"filterId": 112,
			"name": "Liste AR",
			"description": "Additional filter list for websites in Arabic.",
			"timeAdded": "2014-06-30T07:56:55+0000",
			"homepage": "https://forums.lanik.us/viewforum.php?f=98",
			"expires": 345600,
			"displayNumber": 2,
			"groupId": 7,
			"subscriptionUrl": "https://easylist-downloads.adblockplus.org/Liste_AR.txt",
			"trustLevel": "high",
			"version": "2.1.25.78",
			"timeUpdated": "2023-04-03T09:00:34+0000",
			"languages": [
				"ar"
			],
			"tags": [
				1,
				9,
				10,
				38
			]
		},
		{
			"filterId": 113,
			"name": "Liste FR",
			"description": "Additional filter list for websites in French. Already included in AdGuard French filter.",
			"timeAdded": "2014-06-30T07:56:55+0000",
			"homepage": "https://forums.lanik.us/viewforum.php?f=91",
			"expires": 345600,
			"displayNumber": 2,
			"groupId": 7,
			"subscriptionUrl": "https://easylist-downloads.adblockplus.org/liste_fr.txt",
			"trustLevel": "low",
			"version": "2.1.25.77",
			"timeUpdated": "2023-04-03T09:00:37+0000",
			"languages": [],
			"tags": [
				1,
				9,
				27
			]
		},
		{
			"filterId": 114,
			"name": "ROList",
			"description": "Additional filter list for websites in Romanian.",
			"timeAdded": "2014-06-30T07:56:55+0000",
			"homepage": "https://www.zoso.ro/rolist",
			"expires": 345600,
			"displayNumber": 2,
			"groupId": 7,
			"subscriptionUrl": "https://www.zoso.ro/pages/rolist.txt",
			"trustLevel": "low",
			"version": "2.0.1.11",
			"timeUpdated": "2023-03-17T05:00:34+0000",
			"languages": [],
			"tags": [
				1,
				9,
				39
			]
		},
		{
			"filterId": 118,
			"name": "EasyPrivacy",
			"description": "Privacy protection supplement for EasyList.",
			"timeAdded": "2014-06-30T07:56:55+0000",
			"homepage": "https://easylist.to/",
			"expires": 345600,
			"displayNumber": 2,
			"groupId": 2,
			"subscriptionUrl": "https://easylist.to/easylist/easyprivacy.txt",
			"trustLevel": "low",
			"version": "2.1.5.99",
			"timeUpdated": "2023-04-03T09:00:40+0000",
			"languages": [],
			"tags": [
				2
			]
		},
		{
			"filterId": 119,
			"name": "Icelandic ABP List",
			"description": "Additional filter list for websites in Icelandic.",
			"timeAdded": "2014-06-30T07:56:55+0000",
			"homepage": "https://adblock.gardar.net/",
			"expires": 345600,
			"displayNumber": 2,
			"groupId": 7,
			"subscriptionUrl": "https://adblock.gardar.net/is.abp.txt",
			"trustLevel": "high",
			"version": "2.0.0.13",
			"timeUpdated": "2022-11-21T17:00:48+0000",
			"languages": [],
			"tags": [
				1,
				9,
				42
			]
		},
		{
			"filterId": 120,
			"name": "AdBlockID",
			"description": "Additional filter list for websites in Indonesian.",
			"timeAdded": "2019-10-18T07:59:54+0000",
			"homepage": "https://github.com/realodix/AdBlockID",
			"expires": 345600,
			"displayNumber": 2,
			"groupId": 7,
			"subscriptionUrl": "https://raw.githubusercontent.com/realodix/AdBlockID/master/output/adblockid.txt",
			"trustLevel": "high",
			"version": "2.0.13.86",
			"timeUpdated": "2023-04-03T09:00:41+0000",
			"languages": [
				"id"
			],
			"tags": [
				1,
				10,
				29
			]
		},
		{
			"filterId": 121,
			"name": "Greek AdBlock Filter",
			"description": "Additional filter list for websites in Greek.",
			"timeAdded": "2014-06-30T07:56:55+0000",
			"homepage": "https://github.com/kargig/greek-adblockplus-filter",
			"expires": 345600,
			"displayNumber": 2,
			"groupId": 7,
			"subscriptionUrl": "https://www.void.gr/kargig/void-gr-filters.txt",
			"trustLevel": "low",
			"version": "2.0.0.81",
			"timeUpdated": "2023-02-06T13:00:50+0000",
			"languages": [],
			"tags": [
				1,
				9,
				44
			]
		},
		{
			"filterId": 122,
			"name": "Fanboy's Annoyances",
			"description": "Removes in-page pop-ups and other annoyances. Includes Fanboy's Social Blocking & EasyList Cookie Lists.",
			"timeAdded": "2014-06-30T07:56:55+0000",
			"homepage": "https://easylist.to/",
			"expires": 345600,
			"displayNumber": 100,
			"groupId": 4,
			"subscriptionUrl": "https://secure.fanboy.co.nz/fanboy-annoyance_ubo.txt",
			"trustLevel": "low",
			"version": "2.1.3.4",
			"timeUpdated": "2023-04-03T09:00:52+0000",
			"languages": [],
			"tags": [
				5,
				9
			]
		},
		{
			"filterId": 123,
			"name": "Fanboy's Social Blocking List",
			"description": "Hides and blocks social content, social widgets, social scripts and social icons. Already included in Fanboy's Annoyances list.",
			"timeAdded": "2014-06-30T07:56:55+0000",
			"homepage": "https://easylist.to/",
			"expires": 345600,
			"displayNumber": 2,
			"groupId": 3,
			"subscriptionUrl": "https://easylist-downloads.adblockplus.org/fanboy-social.txt",
			"trustLevel": "low",
			"version": "2.1.3.27",
			"timeUpdated": "2023-04-03T09:00:54+0000",
			"languages": [],
			"tags": [
				3,
				9
			]
		},
		{
			"filterId": 201,
			"name": "Web Annoyances Ultralist",
			"description": "Blocks annoying web elements and reclaims lost screen real estate.",
			"timeAdded": "2019-06-11T10:27:09+0000",
			"homepage": "https://github.com/yourduskquibbles/webannoyances/",
			"expires": 345600,
			"displayNumber": 100,
			"groupId": 4,
			"subscriptionUrl": "https://raw.githubusercontent.com/yourduskquibbles/webannoyances/master/ultralist.txt",
			"trustLevel": "high",
			"version": "1.0.8.70",
			"timeUpdated": "2023-03-28T21:01:02+0000",
			"languages": [],
			"tags": [
				5
			]
		},
		{
			"filterId": 202,
			"name": "EasyList Thailand",
			"description": "Filter that blocks ads on Thai sites.",
			"timeAdded": "2022-03-07T19:32:01+0000",
			"homepage": "https://github.com/easylist-thailand/",
			"expires": 345600,
			"displayNumber": 2,
			"groupId": 7,
			"subscriptionUrl": "https://raw.githubusercontent.com/easylist-thailand/easylist-thailand/master/subscription/easylist-thailand.txt",
			"trustLevel": "high",
			"version": "2.0.0.9",
			"timeUpdated": "2022-11-18T17:01:11+0000",
			"languages": [
				"th"
			],
			"tags": [
				1,
				10,
				64
			]
		},
		{
			"filterId": 203,
			"name": "Hungarian filter",
			"description": "Hufilter. Filter list that specifically removes ads on websites in the Hungarian language.",
			"timeAdded": "2014-06-30T07:56:55+0000",
			"homepage": "https://github.com/hufilter/hufilter/wiki",
			"expires": 345600,
			"displayNumber": 2,
			"groupId": 7,
			"subscriptionUrl": "https://raw.githubusercontent.com/hufilter/hufilter/master/hufilter-adguard.txt",
			"trustLevel": "high",
			"version": "2.0.2.27",
			"timeUpdated": "2023-04-02T17:00:57+0000",
			"languages": [
				"hu"
			],
			"tags": [
				1,
				2,
				48,
				10
			]
		},
		{
			"filterId": 204,
			"name": "Peter Lowe's Blocklist",
			"description": "Filter that blocks ads, trackers, and other nasty things.",
			"timeAdded": "2014-06-30T07:56:55+0000",
			"homepage": "https://pgl.yoyo.org/adservers/",
			"expires": 345600,
			"displayNumber": 4,
			"groupId": 2,
			"subscriptionUrl": "https://pgl.yoyo.org/adservers/serverlist.php?hostformat=adblockplus&mimetype=plaintext",
			"trustLevel": "low",
			"version": "2.0.11.15",
			"timeUpdated": "2023-04-02T01:00:59+0000",
			"languages": [],
			"tags": [
				2
			]
		},
		{
			"filterId": 206,
			"name": "Xfiles",
			"description": "Italian adblock filter list.",
			"timeAdded": "2014-06-30T07:56:55+0000",
			"homepage": "https://xfiles.noads.it/",
			"expires": 345600,
			"displayNumber": 2,
			"groupId": 7,
			"subscriptionUrl": "https://raw.githubusercontent.com/gioxx/xfiles/master/filtri.txt",
			"trustLevel": "low",
			"version": "2.0.1.60",
			"timeUpdated": "2023-04-01T05:01:00+0000",
			"languages": [],
			"tags": [
				1,
				35
			]
		},
		{
			"filterId": 207,
			"name": "Adblock Warning Removal List",
			"description": "Removes anti-adblock warnings and other obtrusive messages.",
			"timeAdded": "2014-06-30T07:56:55+0000",
			"homepage": "https://easylist.to/",
			"expires": 345600,
			"displayNumber": 3,
			"groupId": 4,
			"subscriptionUrl": "https://easylist-downloads.adblockplus.org/antiadblockfilters.txt",
			"trustLevel": "low",
			"version": "2.1.25.78",
			"timeUpdated": "2023-04-03T09:01:03+0000",
			"languages": [],
			"tags": [
				50
			]
		},
		{
			"filterId": 208,
			"name": "Online Malicious URL Blocklist",
			"description": "Blocks domains that are known to be used to propagate malware and spyware.",
			"timeAdded": "2020-08-10T18:34:22+0000",
			"homepage": "https://gitlab.com/malware-filter/urlhaus-filter#malicious-url-blocklist",
			"expires": 345600,
			"displayNumber": 1,
			"groupId": 5,
			"subscriptionUrl": "https://urlhaus-filter.pages.dev/urlhaus-filter-ag-online.txt",
			"trustLevel": "low",
			"version": "2.0.89.8",
			"timeUpdated": "2023-04-03T01:01:01+0000",
			"languages": [],
			"tags": [
				4
			]
		},
		{
			"filterId": 209,
			"name": "ADgk Mobile China list",
			"description": "Filter for Chinese mobile sites.",
			"timeAdded": "2022-07-21T07:17:05+0000",
			"homepage": "https://github.com/banbendalao/ADgk",
			"expires": 345600,
			"displayNumber": 100,
			"groupId": 7,
			"subscriptionUrl": "https://raw.githubusercontent.com/banbendalao/ADgk/master/ADgk.txt",
			"trustLevel": "low",
			"version": "2.0.0.16",
			"timeUpdated": "2023-03-23T09:01:04+0000",
			"languages": [],
			"tags": [
				1,
				31,
				19
			]
		},
		{
			"filterId": 212,
			"name": "RU AdList: Counters",
			"description": "RU AdList supplement for trackers blocking.",
			"timeAdded": "2014-06-30T07:56:55+0000",
			"homepage": "https://forums.lanik.us/viewforum.php?f=102",
			"expires": 345600,
			"displayNumber": 2,
			"groupId": 7,
			"subscriptionUrl": "https://easylist-downloads.adblockplus.org/cntblock.txt",
			"trustLevel": "low",
			"version": "2.1.25.3",
			"timeUpdated": "2023-04-03T09:01:06+0000",
			"languages": [],
			"tags": [
				2,
				8
			]
		},
		{
			"filterId": 214,
			"name": "ABPVN List",
			"description": "Vietnamese adblock filter list.",
			"timeAdded": "2014-06-30T07:56:55+0000",
			"homepage": "https://abpvn.com/",
			"expires": 345600,
			"displayNumber": 2,
			"groupId": 7,
			"subscriptionUrl": "https://raw.githubusercontent.com/abpvn/abpvn/master/filter/abpvn_adguard.txt",
			"trustLevel": "high",
			"version": "2.0.21.10",
			"timeUpdated": "2023-04-03T05:01:06+0000",
			"languages": [
				"vi"
			],
			"tags": [
				1,
				52,
				10
			]
		},
		{
			"filterId": 215,
			"name": "Fanboy's Enhanced Tracking List",
			"description": "Blocks common tracking scripts such as Omniture, Webtrends, Foresee, Coremetrics, Google Analytics, Touch Clarity and Channel Intelligence.",
			"timeAdded": "2014-06-30T07:56:55+0000",
			"homepage": "https://secure.fanboy.co.nz/",
			"expires": 345600,
			"displayNumber": 3,
			"groupId": 2,
			"subscriptionUrl": "https://secure.fanboy.co.nz/enhancedstats.txt",
			"trustLevel": "low",
			"version": "2.0.4.65",
			"timeUpdated": "2023-01-27T13:01:19+0000",
			"languages": [],
			"tags": [
				2
			]
		},
		{
			"filterId": 216,
			"name": "Official Polish filters for AdBlock, uBlock Origin & AdGuard",
			"description": "Additional filter list for websites in Polish.",
			"timeAdded": "2014-06-30T07:56:55+0000",
			"homepage": "https://github.com/MajkiIT/polish-ads-filter#polish-filters-for-adblock-ublock-origin--adguard",
			"expires": 345600,
			"displayNumber": 2,
			"groupId": 7,
			"subscriptionUrl": "https://raw.githubusercontent.com/MajkiIT/polish-ads-filter/master/polish-adblock-filters/adblock.txt",
			"trustLevel": "high",
			"version": "2.0.14.88",
			"timeUpdated": "2023-04-02T13:01:08+0000",
			"languages": [
				"pl"
			],
			"tags": [
				1,
				10,
				41
			]
		},
		{
			"filterId": 217,
			"name": "Polish GDPR-Cookies Filters",
			"description": "Polish filter list for cookies blocking.",
			"timeAdded": "2014-06-30T07:56:55+0000",
			"homepage": "https://github.com/MajkiIT/polish-ads-filter#polish-filters-for-adblock-ublock-origin--adguard",
			"expires": 345600,
			"displayNumber": 2,
			"groupId": 7,
			"subscriptionUrl": "https://raw.githubusercontent.com/MajkiIT/polish-ads-filter/master/cookies_filters/adblock_cookies.txt",
			"trustLevel": "high",
			"version": "2.0.4.91",
			"timeUpdated": "2023-03-27T17:01:10+0000",
			"languages": [],
			"tags": [
				6,
				41
			]
		},
		{
			"filterId": 218,
			"name": "Estonian List",
			"description": "Filter for ad blocking on Estonian sites.",
			"timeAdded": "2014-06-30T07:56:55+0000",
			"homepage": "https://adblock.ee/",
			"expires": 345600,
			"displayNumber": 2,
			"groupId": 7,
			"subscriptionUrl": "https://adblock.ee/list.php",
			"trustLevel": "low",
			"version": "2.0.3.54",
			"timeUpdated": "2023-02-25T01:01:20+0000",
			"languages": [
				"et"
			],
			"tags": [
				10,
				1,
				53
			]
		},
		{
			"filterId": 220,
			"name": "CJX's Annoyances List",
			"description": "Supplement for EasyList China+EasyList and EasyPrivacy.",
			"timeAdded": "2014-06-30T07:56:55+0000",
			"homepage": "http://abpchina.org/forum/forum.php?mod=viewthread&tid=29667",
			"expires": 345600,
			"displayNumber": 2,
			"groupId": 7,
			"subscriptionUrl": "https://raw.githubusercontent.com/cjx82630/cjxlist/master/cjx-annoyance.txt",
			"trustLevel": "low",
			"version": "2.0.5.17",
			"timeUpdated": "2023-04-01T01:01:11+0000",
			"languages": [],
			"tags": [
				5,
				31
			]
		},
		{
			"filterId": 221,
			"name": "Polish Social Filters",
			"description": "Polish filter list for social widgets, popups, etc.",
			"timeAdded": "2014-06-30T07:56:55+0000",
			"homepage": "https://github.com/MajkiIT/polish-ads-filter#polish-filters-for-adblock-ublock-origin--adguard",
			"expires": 345600,
			"displayNumber": 2,
			"groupId": 7,
			"subscriptionUrl": "https://raw.githubusercontent.com/MajkiIT/polish-ads-filter/master/adblock_social_filters/adblock_social_list.txt",
			"trustLevel": "high",
			"version": "2.0.4.62",
			"timeUpdated": "2023-03-27T17:01:15+0000",
			"languages": [],
			"tags": [
				3,
				41
			]
		},
		{
			"filterId": 225,
			"name": "Fanboy's Anti-Facebook List",
			"description": "Warning, it will break Facebook-based comments on some websites and may also break some Facebook apps or games.",
			"timeAdded": "2014-06-30T07:56:55+0000",
			"homepage": "https://www.fanboy.co.nz",
			"expires": 345600,
			"displayNumber": 4,
			"groupId": 2,
			"subscriptionUrl": "https://www.fanboy.co.nz/fanboy-antifacebook.txt",
			"trustLevel": "low",
			"version": "2.0.2.49",
			"timeUpdated": "2023-04-03T09:01:57+0000",
			"languages": [],
			"tags": [
				2,
				45
			]
		},
		{
			"filterId": 227,
			"name": "List-KR",
			"description": "Filter that removes ads and various scripts from websites with Korean content. Combined and augmented with AdGuard-specific rules for enhanced filtering. This filter is expected to be used alongside with AdGuard Base filter.",
			"timeAdded": "2014-06-30T07:56:55+0000",
			"homepage": "https://list-kr.github.io/",
			"expires": 345600,
			"displayNumber": 2,
			"groupId": 7,
			"subscriptionUrl": "https://raw.githubusercontent.com/List-KR/List-KR/master/filter-AdGuard.txt",
			"trustLevel": "high",
			"version": "2.0.14.0",
			"timeUpdated": "2023-04-02T01:01:17+0000",
			"languages": [
				"ko"
			],
			"tags": [
				1,
				11,
				56,
				10
			]
		},
		{
			"filterId": 228,
			"name": "xinggsf",
			"description": "Blocks ads on the Chinese video platforms (MangoTV, DouYu and others).",
			"timeAdded": "2014-06-30T07:56:55+0000",
			"homepage": "https://github.com/xinggsf/Adblock-Plus-Rule/",
			"expires": 345600,
			"displayNumber": 2,
			"groupId": 7,
			"subscriptionUrl": "https://raw.githubusercontent.com/xinggsf/Adblock-Plus-Rule/master/rule.txt",
			"trustLevel": "high",
			"version": "2.0.2.33",
			"timeUpdated": "2023-03-25T09:01:19+0000",
			"languages": [],
			"tags": [
				1,
				31
			]
		},
		{
			"filterId": 229,
			"name": "I don't care about cookies",
			"description": "Hides annoying cookie warnings from almost all websites and saves you from unnecessary clicks.",
			"timeAdded": "2014-06-30T07:56:55+0000",
			"homepage": "https://www.i-dont-care-about-cookies.eu/",
			"expires": 345600,
			"displayNumber": 100,
			"groupId": 4,
			"subscriptionUrl": "https://www.i-dont-care-about-cookies.eu/abp/",
			"trustLevel": "low",
			"version": "2.0.4.15",
			"timeUpdated": "2023-03-30T17:01:22+0000",
			"languages": [],
			"tags": [
				6
			]
		},
		{
			"filterId": 231,
			"name": "EasyList Spanish",
			"description": "Additional filter list for websites in Spanish.",
			"timeAdded": "2014-06-30T07:56:55+0000",
			"homepage": "https://hg.adblockplus.org/easylistspanish",
			"expires": 345600,
			"displayNumber": 2,
			"groupId": 7,
			"subscriptionUrl": "https://easylist-downloads.adblockplus.org/easylistspanish.txt",
			"trustLevel": "low",
			"version": "2.1.25.79",
			"timeUpdated": "2023-04-03T09:02:05+0000",
			"languages": [],
			"tags": [
				1,
				9,
				17
			]
		},
		{
			"filterId": 232,
			"name": "KAD - Anti-Scam",
			"description": "Filter that protects against various types of scams in the Polish network, such as mass text messaging, fake online stores, etc.",
			"timeAdded": "2014-06-30T07:56:55+0000",
			"homepage": "https://github.com/FiltersHeroes/KAD",
			"expires": 345600,
			"displayNumber": 2,
			"groupId": 7,
			"subscriptionUrl": "https://raw.githubusercontent.com/FiltersHeroes/KAD/master/KAD.txt",
			"trustLevel": "low",
			"version": "2.0.40.34",
			"timeUpdated": "2023-04-03T09:02:13+0000",
			"languages": [],
			"tags": [
				4,
				41
			]
		},
		{
			"filterId": 233,
			"name": "Adblock List for Finland",
			"description": "Finnish ad blocking filter list.",
			"timeAdded": "2014-06-30T07:56:55+0000",
			"homepage": "https://github.com/theel0ja/finnish-easylist-addition",
			"expires": 345600,
			"displayNumber": 2,
			"groupId": 7,
			"subscriptionUrl": "https://raw.githubusercontent.com/theel0ja/finnish-easylist-addition/master/Finland_adb.txt",
			"trustLevel": "high",
			"version": "2.0.9.78",
			"timeUpdated": "2023-04-01T13:02:05+0000",
			"languages": [
				"fi"
			],
			"tags": [
				1,
				10,
				40
			]
		},
		{
			"filterId": 234,
			"name": "ROLIST2",
			"description": "This is a complementary list for ROList with annoyances that are not necessarily banners. It is a very aggressive list and not recommended for beginners.",
			"timeAdded": "2014-06-30T07:56:55+0000",
			"homepage": "https://zoso.ro/rolist/",
			"expires": 345600,
			"displayNumber": 2,
			"groupId": 7,
			"subscriptionUrl": "https://www.zoso.ro/pages/rolist2.txt",
			"trustLevel": "low",
			"version": "2.0.0.70",
			"timeUpdated": "2023-01-27T13:01:46+0000",
			"languages": [],
			"tags": [
				45,
				5,
				39,
				57
			]
		},
		{
			"filterId": 235,
			"name": "Persian Blocker",
			"description": "Filter list for blocking ads and trackers on websites in Persian.",
			"timeAdded": "2022-06-14T16:28:16+0000",
			"homepage": "https://github.com/MasterKia/PersianBlocker/",
			"expires": 345600,
			"displayNumber": 2,
			"groupId": 7,
			"subscriptionUrl": "https://raw.githubusercontent.com/MasterKia/PersianBlocker/main/PersianBlocker.txt",
			"trustLevel": "high",
			"version": "2.0.2.47",
			"timeUpdated": "2023-04-02T21:01:35+0000",
			"languages": [
				"fa",
				"tg",
				"ps"
			],
			"tags": [
				10,
				1,
				54,
				69,
				70
			]
		},
		{
			"filterId": 236,
			"name": "road-block light",
			"description": "Romanian ad blocking filter subscription.",
			"timeAdded": "2014-06-30T07:56:55+0000",
			"homepage": "https://github.com/tcptomato/ROad-Block",
			"expires": 345600,
			"displayNumber": 2,
			"groupId": 7,
			"subscriptionUrl": "https://raw.githubusercontent.com/tcptomato/ROad-Block/master/road-block-filters-light.txt",
			"trustLevel": "high",
			"version": "2.0.1.94",
			"timeUpdated": "2023-03-26T21:01:37+0000",
			"languages": [],
			"tags": [
				1,
				39
			]
		},
		{
			"filterId": 237,
			"name": "Polish Annoyances Filters",
			"description": "Filter list that hides and blocks pop-ups, widgets, newsletters, push notifications, arrows, tagged internal links that are off-topic, and other irritating elements. Polish GDPR-Cookies Filters is already in it.",
			"timeAdded": "2018-02-14T19:15:35+0000",
			"homepage": "https://polishannoyancefilters.netlify.app",
			"expires": 345600,
			"displayNumber": 2,
			"groupId": 7,
			"subscriptionUrl": "https://raw.githubusercontent.com/PolishFiltersTeam/PolishAnnoyanceFilters/master/PPB.txt",
			"trustLevel": "high",
			"version": "1.0.27.37",
			"timeUpdated": "2023-04-02T17:01:36+0000",
			"languages": [],
			"tags": [
				41,
				5
			]
		},
		{
			"filterId": 238,
			"name": "Polish Anti Adblock Filters",
			"description": "Official Polish filters against Adblock alerts.",
			"timeAdded": "2014-06-30T07:56:55+0000",
			"homepage": "https://github.com/olegwukr/polish-privacy-filters",
			"expires": 345600,
			"displayNumber": 2,
			"groupId": 7,
			"subscriptionUrl": "https://raw.githubusercontent.com/olegwukr/polish-privacy-filters/master/anti-adblock.txt",
			"trustLevel": "high",
			"version": "2.0.3.52",
			"timeUpdated": "2022-06-27T13:02:03+0000",
			"languages": [
				"pl"
			],
			"tags": [
				10,
				50,
				41
			]
		},
		{
			"filterId": 239,
			"name": "Fanboy's Anti-thirdparty Fonts",
			"description": "A filter that blocks third-party fonts. It may break the look and design of some websites.",
			"timeAdded": "2014-06-30T07:56:55+0000",
			"homepage": "https://www.fanboy.co.nz/",
			"expires": 345600,
			"displayNumber": 5,
			"groupId": 2,
			"subscriptionUrl": "https://fanboy.co.nz/fanboy-antifonts.txt",
			"trustLevel": "low",
			"version": "2.0.3.43",
			"timeUpdated": "2023-04-03T09:02:22+0000",
			"languages": [],
			"tags": [
				2,
				45
			]
		},
		{
			"filterId": 241,
			"name": "EasyList Cookie List",
			"description": "Removes cookie and privacy warnings. Already included in Fanboy's Annoyances list.",
			"timeAdded": "2014-06-30T07:56:55+0000",
			"homepage": "https://easylist.to/",
			"expires": 345600,
			"displayNumber": 100,
			"groupId": 4,
			"subscriptionUrl": "https://www.fanboy.co.nz/fanboy-cookiemonster.txt",
			"trustLevel": "high",
			"version": "2.1.11.8",
			"timeUpdated": "2023-04-03T09:02:25+0000",
			"languages": [],
			"tags": [
				6
			]
		},
		{
			"filterId": 242,
			"name": "NoCoin Filter List",
			"description": "This filter disables browser-based miners such as coin-hive.",
			"timeAdded": "2018-02-14T17:15:11+0000",
			"homepage": "https://github.com/hoshsadiq/adblock-nocoin-list/",
			"expires": 345600,
			"displayNumber": 3,
			"groupId": 5,
			"subscriptionUrl": "https://raw.githubusercontent.com/hoshsadiq/adblock-nocoin-list/master/nocoin.txt",
			"trustLevel": "low",
			"version": "1.0.2.37",
			"timeUpdated": "2023-03-25T01:01:44+0000",
			"languages": [],
			"tags": [
				4
			]
		},
		{
			"filterId": 243,
			"name": "Frellwit's Swedish Filter",
			"description": "Filter that aims to remove regional Swedish ads, tracking, social media, annoyances, sponsored articles etc.",
			"timeAdded": "2018-02-15T18:41:31+0000",
			"homepage": "https://github.com/lassekongo83/Frellwit-s-filter-lists",
			"expires": 345600,
			"displayNumber": 2,
			"groupId": 7,
			"subscriptionUrl": "https://raw.githubusercontent.com/lassekongo83/Frellwits-filter-lists/master/Frellwits-Swedish-Filter.txt",
			"trustLevel": "high",
			"version": "2.0.15.49",
			"timeUpdated": "2023-04-02T09:01:45+0000",
			"languages": [
				"sv"
			],
			"tags": [
				10,
				1,
				5,
				2,
				3,
				55
			]
		},
		{
			"filterId": 244,
			"name": "YousList",
			"description": "Filter that blocks ads on Korean sites.",
			"timeAdded": "2018-02-15T18:41:31+0000",
			"homepage": "https://github.com/yous/YousList/",
			"expires": 345600,
			"displayNumber": 2,
			"groupId": 7,
			"subscriptionUrl": "https://raw.githubusercontent.com/yous/YousList/master/youslist.txt",
			"trustLevel": "high",
			"version": "2.0.9.38",
			"timeUpdated": "2023-04-01T13:02:19+0000",
			"languages": [],
			"tags": [
				1,
				56
			]
		},
		{
			"filterId": 246,
			"name": "EasyList Polish",
			"description": "Additional filter list for websites in Polish.",
			"timeAdded": "2018-03-26T08:35:42+0000",
			"homepage": "https://easylist.to/",
			"expires": 345600,
			"displayNumber": 2,
			"groupId": 7,
			"subscriptionUrl": "https://easylist-downloads.adblockplus.org/easylistpolish.txt",
			"trustLevel": "low",
			"version": "2.1.21.85",
			"timeUpdated": "2023-04-03T09:02:30+0000",
			"languages": [],
			"tags": [
				1,
				9,
				41
			]
		},
		{
			"filterId": 247,
			"name": "Polish Anti-Annoying Special Supplement",
			"description": "Filters that block and hide RSS elements and remnants of hidden newsletters combined with social elements on Polish websites.",
			"timeAdded": "2018-03-30T12:15:13+0000",
			"homepage": "https://github.com/PolishFiltersTeam/PolishAntiAnnoyingSpecialSupplement",
			"expires": 345600,
			"displayNumber": 2,
			"groupId": 7,
			"subscriptionUrl": "https://raw.githubusercontent.com/PolishFiltersTeam/PolishAntiAnnoyingSpecialSupplement/master/polish_rss_filters.txt",
			"trustLevel": "high",
			"version": "2.0.3.18",
			"timeUpdated": "2023-03-26T17:01:48+0000",
			"languages": [],
			"tags": [
				41,
				5,
				62
			]
		},
		{
			"filterId": 249,
			"name": "Dandelion Sprout's Nordic Filters",
			"description": "This list covers websites for Norway, Denmark, Iceland, Danish territories, and the Sami indigenous population.",
			"timeAdded": "2018-03-30T12:15:13+0000",
			"homepage": "https://github.com/DandelionSprout/adfilt",
			"expires": 345600,
			"displayNumber": 249,
			"groupId": 7,
			"subscriptionUrl": "https://raw.githubusercontent.com/DandelionSprout/adfilt/master/NorwegianExperimentalList%20alternate%20versions/NordicFiltersAdGuard.txt",
			"trustLevel": "high",
			"version": "2.0.6.73",
			"timeUpdated": "2023-04-01T21:01:52+0000",
			"languages": [
				"no",
				"da",
				"is",
				"fo"
			],
			"tags": [
				10,
				1,
				4,
				43,
				49,
				42,
				63
			]
		},
		{
			"filterId": 250,
			"name": "Dandelion Sprout's Annoyances List",
			"description": "This list is made in the style of AdGuard's and Fanboy's annoyances lists. It combines many of Dandelion Sprout's proudest and most frequently maintained international lists, as a curated compilation for simplicity's sake.",
			"timeAdded": "2021-03-08T20:08:48+0000",
			"homepage": "https://github.com/DandelionSprout/adfilt",
			"expires": 345600,
			"displayNumber": 100,
			"groupId": 4,
			"subscriptionUrl": "https://raw.githubusercontent.com/DandelionSprout/adfilt/master/AnnoyancesList",
			"trustLevel": "high",
			"version": "2.0.9.23",
			"timeUpdated": "2023-04-03T09:02:38+0000",
			"languages": [],
			"tags": [
				5,
				11
			]
		},
		{
			"filterId": 251,
			"name": "Legitimate URL Shortener",
			"description": "Automatically removes unnecessary '$' and '&' values from URLs, making them easier to copy from the URL bar and pasting elsewhere as links.",
			"timeAdded": "2021-07-12T10:46:44+0000",
			"homepage": "https://github.com/DandelionSprout/adfilt",
			"expires": 345600,
			"displayNumber": 2,
			"groupId": 2,
			"subscriptionUrl": "https://raw.githubusercontent.com/DandelionSprout/adfilt/master/LegitimateURLShortener.txt",
			"platformsExcluded": [
				"ios",
				"ext_safari",
				"ext_android_cb"
			],
			"trustLevel": "low",
			"version": "2.0.5.10",
			"timeUpdated": "2023-04-01T21:01:58+0000",
			"languages": [],
			"tags": [
				2
			]
		},
		{
			"filterId": 252,
			"name": "Dandelion Sprout's Serbo-Croatian List",
			"description": "A filter list for websites in Serbian, Montenegrin, Croatian, and Bosnian.",
			"timeAdded": "2022-03-21T08:42:14+0000",
			"homepage": "https://github.com/DandelionSprout/adfilt",
			"expires": 345600,
			"displayNumber": 2,
			"groupId": 7,
			"subscriptionUrl": "https://raw.githubusercontent.com/DandelionSprout/adfilt/master/SerboCroatianList.txt",
			"trustLevel": "high",
			"version": "2.0.0.22",
			"timeUpdated": "2023-03-31T17:01:57+0000",
			"languages": [],
			"tags": [
				1,
				65,
				66
			]
		},
		{
			"filterId": 253,
			"name": "IndianList",
			"description": "Additional filter list for websites in Hindi, Tamil and other Dravidian and Indic languages.",
			"timeAdded": "2022-04-25T07:45:01+0000",
			"homepage": "https://github.com/mediumkreation/IndianList",
			"expires": 345600,
			"displayNumber": 2,
			"groupId": 7,
			"subscriptionUrl": "https://easylist-downloads.adblockplus.org/indianlist.txt",
			"trustLevel": "low",
			"version": "2.0.19.10",
			"timeUpdated": "2023-04-03T09:02:41+0000",
			"languages": [
				"hi"
			],
			"tags": [
				1,
				67,
				10
			]
		},
		{
			"filterId": 254,
			"name": "Macedonian adBlock Filters",
			"description": "Blocks ads and trackers on various Macedonian websites.",
			"timeAdded": "2023-03-09T09:43:54+0000",
			"homepage": "https://github.com/DeepSpaceHarbor/Macedonian-adBlock-Filters",
			"expires": 345600,
			"displayNumber": 2,
			"groupId": 7,
			"subscriptionUrl": "https://raw.githubusercontent.com/RandomAdversary/Macedonian-adBlock-Filters/master/Filters",
			"trustLevel": "low",
			"version": "2.0.0.2",
			"timeUpdated": "2023-03-25T01:01:59+0000",
			"languages": [
				"mk"
			],
			"tags": [
				1,
				10,
				71
			]
		},
		{
			"filterId": 10,
			"name": "Filter unblocking search ads and self-promotion",
			"description": "Filter that unblocks search (Duckduckgo, Google, Bing, Yahoo) and self-promo ads. Self-promotion definition: when an ad on a website is promoting this very website or other websites/social media/etc closely related to it, such ad is considered a self-promoting one.",
			"timeAdded": "2014-06-30T07:56:55+0000",
			"homepage": "https://adguard.com/kb/general/ad-filtering/adguard-filters/",
			"expires": 345600,
			"displayNumber": 1,
			"groupId": 6,
			"subscriptionUrl": "https://filters.adtidy.org/extension/chromium/filters/10.txt",
			"trustLevel": "full",
			"version": "2.0.1.99",
			"timeUpdated": "2023-02-21T17:30:16+0000",
			"languages": [],
			"tags": []
		},
		{
			"filterId": 11,
			"name": "AdGuard Mobile Ads filter",
			"description": "Filter for all known mobile ad networks. Useful for mobile devices.",
			"timeAdded": "2014-06-30T07:56:55+0000",
			"homepage": "https://adguard.com/kb/general/ad-filtering/adguard-filters/",
			"expires": 345600,
			"displayNumber": 2,
			"groupId": 1,
			"subscriptionUrl": "https://filters.adtidy.org/extension/chromium/filters/11.txt",
			"trustLevel": "full",
			"version": "2.0.38.79",
			"timeUpdated": "2023-04-02T15:30:18+0000",
			"languages": [],
			"tags": [
				1,
				2,
				10,
				11,
				19
			]
		},
		{
			"filterId": 13,
			"name": "AdGuard Turkish filter",
			"description": "Filter list that specifically removes ads on websites in Turkish language.",
			"timeAdded": "2014-06-30T07:56:55+0000",
			"homepage": "https://adguard.com/kb/general/ad-filtering/adguard-filters/",
			"expires": 345600,
			"displayNumber": 1,
			"groupId": 7,
			"subscriptionUrl": "https://filters.adtidy.org/extension/chromium/filters/13.txt",
			"trustLevel": "full",
			"version": "2.0.42.45",
			"timeUpdated": "2023-04-03T10:30:23+0000",
			"languages": [
				"tr"
			],
			"tags": [
				1,
				10,
				11,
				24
			]
		},
		{
			"filterId": 14,
			"name": "AdGuard Annoyances filter",
			"description": "Blocks irritating elements on web pages including cookie notices, third-party widgets and in-page pop-ups. Contains the following AdGuard filters: Cookie Notices, Popups, Mobile App Banners, Other Annoyances and Widgets.",
			"timeAdded": "2014-06-30T07:56:55+0000",
			"homepage": "https://adguard.com/kb/general/ad-filtering/adguard-filters/",
			"expires": 345600,
			"displayNumber": 1,
			"groupId": 4,
			"subscriptionUrl": "https://filters.adtidy.org/extension/chromium/filters/14.txt",
			"trustLevel": "full",
			"version": "2.1.54.58",
			"timeUpdated": "2023-04-03T10:30:37+0000",
			"languages": [],
			"tags": [
				5,
				11
			]
		},
		{
			"filterId": 15,
			"name": "AdGuard DNS filter",
			"description": "Filter composed of several other filters (AdGuard Base filter, Social Media filter, Tracking Protection filter, Mobile Ads filter, EasyList and EasyPrivacy) and simplified specifically to be better compatible with DNS-level ad blocking.",
			"timeAdded": "2014-06-30T07:56:55+0000",
			"homepage": "https://adguard.com/kb/general/ad-filtering/adguard-filters/",
			"expires": 345600,
			"displayNumber": 3,
			"groupId": 6,
			"subscriptionUrl": "https://filters.adtidy.org/extension/chromium/filters/15.txt",
			"trustLevel": "full",
			"version": "2.0.47.57",
			"timeUpdated": "2023-04-03T06:30:39+0000",
			"languages": [],
			"tags": [
				45,
				1,
				2,
				9,
				11,
				25,
				26,
				13,
				58,
				59,
				60,
				61
			]
		},
		{
			"filterId": 16,
			"name": "AdGuard French filter",
			"description": "Liste FR + AdGuard French filter. Filter list that specifically removes ads on websites in French language.",
			"timeAdded": "2014-06-30T07:56:55+0000",
			"homepage": "https://adguard.com/kb/general/ad-filtering/adguard-filters/",
			"expires": 345600,
			"displayNumber": 1,
			"groupId": 7,
			"subscriptionUrl": "https://filters.adtidy.org/extension/chromium/filters/16.txt",
			"trustLevel": "full",
			"version": "2.0.38.14",
			"timeUpdated": "2023-04-03T06:30:46+0000",
			"languages": [
				"fr"
			],
			"tags": [
				1,
				10,
				11,
				27,
				28
			]
		},
		{
			"filterId": 17,
			"name": "AdGuard URL Tracking filter",
			"description": "Filter that enhances privacy by removing tracking parameters from URLs.",
			"timeAdded": "2021-04-15T09:34:08+0000",
			"homepage": "https://adguard.com/kb/general/ad-filtering/adguard-filters/",
			"expires": 345600,
			"displayNumber": 1,
			"groupId": 2,
			"subscriptionUrl": "https://filters.adtidy.org/extension/chromium/filters/17.txt",
			"platformsExcluded": [
				"ios",
				"ext_safari",
				"ext_android_cb"
			],
			"trustLevel": "full",
			"version": "2.0.4.56",
			"timeUpdated": "2023-04-03T07:30:45+0000",
			"languages": [],
			"tags": [
				2
			]
		},
		{
			"filterId": 18,
			"name": "AdGuard Cookie Notices filter",
			"description": "Blocks cookie notices on web pages.",
			"timeAdded": "2022-07-07T07:53:39+0000",
			"homepage": "https://adguard.com/kb/general/ad-filtering/adguard-filters/",
			"expires": 345600,
			"displayNumber": 2,
			"groupId": 4,
			"subscriptionUrl": "https://filters.adtidy.org/extension/chromium/filters/18.txt",
			"trustLevel": "full",
			"version": "2.0.12.56",
			"timeUpdated": "2023-04-03T10:30:46+0000",
			"languages": [],
			"tags": [
				5,
				10,
				11
			]
		},
		{
			"filterId": 19,
			"name": "AdGuard Popups filter",
			"description": "Blocks all kinds of pop-ups that are not necessary for websites' operation.",
			"timeAdded": "2022-07-07T07:53:39+0000",
			"homepage": "https://adguard.com/kb/general/ad-filtering/adguard-filters/",
			"expires": 345600,
			"displayNumber": 2,
			"groupId": 4,
			"subscriptionUrl": "https://filters.adtidy.org/extension/chromium/filters/19.txt",
			"trustLevel": "full",
			"version": "2.0.11.68",
			"timeUpdated": "2023-04-03T10:30:49+0000",
			"languages": [],
			"tags": [
				5,
				10,
				11
			]
		},
		{
			"filterId": 1,
			"name": "AdGuard Russian filter",
			"description": "Filter that enables ad blocking on websites in Russian language.",
			"timeAdded": "2014-06-30T07:56:55+0000",
			"homepage": "https://adguard.com/kb/general/ad-filtering/adguard-filters/",
			"expires": 345600,
			"displayNumber": 1,
			"groupId": 7,
			"subscriptionUrl": "https://filters.adtidy.org/extension/chromium/filters/1.txt",
			"trustLevel": "full",
			"version": "2.0.79.53",
			"timeUpdated": "2023-04-03T09:03:32+0000",
			"languages": [
				"ru"
			],
			"tags": [
				1,
				8,
				10,
				11
			]
		},
		{
			"filterId": 20,
			"name": "AdGuard Mobile App Banners filter",
			"description": "Blocks irritating banners that promote mobile apps of websites.",
			"timeAdded": "2022-07-07T07:53:39+0000",
			"homepage": "https://adguard.com/kb/general/ad-filtering/adguard-filters/",
			"expires": 345600,
			"displayNumber": 2,
			"groupId": 4,
			"subscriptionUrl": "https://filters.adtidy.org/extension/chromium/filters/20.txt",
			"trustLevel": "full",
			"version": "2.0.5.11",
			"timeUpdated": "2023-04-02T15:31:00+0000",
			"languages": [],
			"tags": [
				5,
				10,
				11
			]
		},
		{
			"filterId": 21,
			"name": "AdGuard Other Annoyances filter",
			"description": "Blocks irritating elements on web pages that do not fall under the popular categories of annoyances.",
			"timeAdded": "2022-07-07T07:53:39+0000",
			"homepage": "https://adguard.com/kb/general/ad-filtering/adguard-filters/",
			"expires": 345600,
			"displayNumber": 2,
			"groupId": 4,
			"subscriptionUrl": "https://filters.adtidy.org/extension/chromium/filters/21.txt",
			"trustLevel": "full",
			"version": "2.0.7.47",
			"timeUpdated": "2023-04-03T09:03:35+0000",
			"languages": [],
			"tags": [
				5,
				10,
				11
			]
		},
		{
			"filterId": 224,
			"name": "AdGuard Chinese filter",
			"description": "EasyList China + AdGuard Chinese filter. Filter list that specifically removes ads on websites in Chinese language.",
			"timeAdded": "2020-05-06T09:57:26+0000",
			"homepage": "https://adguard.com/kb/general/ad-filtering/adguard-filters/",
			"expires": 345600,
			"displayNumber": 1,
			"groupId": 7,
			"subscriptionUrl": "https://filters.adtidy.org/extension/chromium/filters/224.txt",
			"trustLevel": "full",
			"version": "2.0.84.32",
			"timeUpdated": "2023-04-03T06:31:10+0000",
			"languages": [
				"zh"
			],
			"tags": [
				1,
				10,
				11,
				31
			]
		},
		{
			"filterId": 22,
			"name": "AdGuard Widgets filter",
			"description": "Blocks annoying third-party widgets: online assistants, live support chats, etc.",
			"timeAdded": "2022-07-07T07:53:39+0000",
			"homepage": "https://adguard.com/kb/general/ad-filtering/adguard-filters/",
			"expires": 345600,
			"displayNumber": 2,
			"groupId": 4,
			"subscriptionUrl": "https://filters.adtidy.org/extension/chromium/filters/22.txt",
			"trustLevel": "full",
			"version": "2.0.3.64",
			"timeUpdated": "2023-04-03T10:31:09+0000",
			"languages": [],
			"tags": [
				5,
				10,
				11
			]
		},
		{
			"filterId": 23,
			"name": "AdGuard Ukrainian filter",
			"description": "Filter that enables ad blocking on websites in Ukrainian language.",
			"timeAdded": "2023-02-27T13:28:12+0000",
			"homepage": "https://adguard.com/kb/general/ad-filtering/adguard-filters/",
			"expires": 345600,
			"displayNumber": 1,
			"groupId": 7,
			"subscriptionUrl": "https://filters.adtidy.org/extension/chromium/filters/23.txt",
			"trustLevel": "full",
			"version": "2.0.0.15",
			"timeUpdated": "2023-04-03T09:03:45+0000",
			"languages": [
				"uk"
			],
			"tags": [
				1,
				68,
				10,
				11
			]
		},
		{
			"filterId": 2,
			"name": "AdGuard Base filter",
			"description": "EasyList + AdGuard English filter. This filter is necessary for quality ad blocking.",
			"timeAdded": "2014-06-30T07:56:55+0000",
			"homepage": "https://adguard.com/kb/general/ad-filtering/adguard-filters/",
			"expires": 345600,
			"displayNumber": 1,
			"groupId": 1,
			"subscriptionUrl": "https://filters.adtidy.org/extension/chromium/filters/2.txt",
			"trustLevel": "full",
			"version": "2.2.75.21",
			"timeUpdated": "2023-04-03T09:31:40+0000",
			"languages": [],
			"tags": [
				10,
				1,
				9,
				11
			]
		},
		{
			"filterId": 3,
			"name": "AdGuard Tracking Protection filter",
			"description": "The most comprehensive list of various online counters and web analytics tools. Use this filter if you do not want your actions on the Internet to be tracked.",
			"timeAdded": "2014-06-30T07:56:55+0000",
			"homepage": "https://adguard.com/kb/general/ad-filtering/adguard-filters/",
			"expires": 345600,
			"displayNumber": 1,
			"groupId": 2,
			"subscriptionUrl": "https://filters.adtidy.org/extension/chromium/filters/3.txt",
			"trustLevel": "full",
			"version": "2.0.53.72",
			"timeUpdated": "2023-04-03T10:31:38+0000",
			"languages": [],
			"tags": [
				2,
				10
			]
		},
		{
			"filterId": 4,
			"name": "AdGuard Social Media filter",
			"description": "Filter for social media widgets such as 'Like' and 'Share' buttons and more.",
			"timeAdded": "2014-06-30T07:56:55+0000",
			"homepage": "https://adguard.com/kb/general/ad-filtering/adguard-filters/",
			"expires": 345600,
			"displayNumber": 1,
			"groupId": 3,
			"subscriptionUrl": "https://filters.adtidy.org/extension/chromium/filters/4.txt",
			"trustLevel": "full",
			"version": "2.0.81.75",
			"timeUpdated": "2023-04-03T10:31:44+0000",
			"languages": [],
			"tags": [
				3,
				10
			]
		},
		{
			"filterId": 5,
			"name": "AdGuard Experimental filter",
			"description": "Filter designed to test certain hazardous filtering rules before they are added to the basic filters.",
			"timeAdded": "2014-06-30T07:56:55+0000",
			"homepage": "https://adguard.com/kb/general/ad-filtering/adguard-filters/",
			"expires": 345600,
			"displayNumber": 4,
			"groupId": 6,
			"subscriptionUrl": "https://filters.adtidy.org/extension/chromium/filters/5.txt",
			"trustLevel": "full",
			"version": "2.0.1.6",
			"timeUpdated": "2023-03-20T15:32:08+0000",
			"languages": [],
			"tags": [
				45
			]
		},
		{
			"filterId": 6,
			"name": "AdGuard German filter",
			"description": "EasyList Germany + AdGuard German filter. Filter list that specifically removes ads on websites in German language.",
			"timeAdded": "2014-06-30T07:56:55+0000",
			"homepage": "https://adguard.com/kb/general/ad-filtering/adguard-filters/",
			"expires": 345600,
			"displayNumber": 1,
			"groupId": 7,
			"subscriptionUrl": "https://filters.adtidy.org/extension/chromium/filters/6.txt",
			"trustLevel": "full",
			"version": "2.0.33.64",
			"timeUpdated": "2023-04-01T13:31:55+0000",
			"languages": [
				"de"
			],
			"tags": [
				1,
				10,
				12,
				13
			]
		},
		{
			"filterId": 7,
			"name": "AdGuard Japanese filter",
			"description": "Filter that enables ad blocking on websites in Japanese language.",
			"timeAdded": "2014-06-30T07:56:55+0000",
			"homepage": "https://adguard.com/kb/general/ad-filtering/adguard-filters/",
			"expires": 345600,
			"displayNumber": 1,
			"groupId": 7,
			"subscriptionUrl": "https://filters.adtidy.org/extension/chromium/filters/7.txt",
			"trustLevel": "full",
			"version": "2.0.35.66",
			"timeUpdated": "2023-04-03T10:32:02+0000",
			"languages": [
				"ja"
			],
			"tags": [
				1,
				10,
				14
			]
		},
		{
			"filterId": 8,
			"name": "AdGuard Dutch filter",
			"description": "EasyList Dutch + AdGuard Dutch filter. Filter list that specifically removes ads on websites in Dutch language.",
			"timeAdded": "2014-06-30T07:56:55+0000",
			"homepage": "https://adguard.com/kb/general/ad-filtering/adguard-filters/",
			"expires": 345600,
			"displayNumber": 1,
			"groupId": 7,
			"subscriptionUrl": "https://filters.adtidy.org/extension/chromium/filters/8.txt",
			"trustLevel": "full",
			"version": "2.0.4.57",
			"timeUpdated": "2023-03-29T10:32:10+0000",
			"languages": [
				"nl"
			],
			"tags": [
				1,
				10,
				11,
				15,
				16
			]
		},
		{
			"filterId": 9,
			"name": "AdGuard Spanish/Portuguese filter",
			"description": "Filter list that specifically removes ads on websites in Spanish, Portuguese, and Brazilian Portuguese languages.",
			"timeAdded": "2014-06-30T07:56:55+0000",
			"homepage": "https://adguard.com/kb/general/ad-filtering/adguard-filters/",
			"expires": 345600,
			"displayNumber": 1,
			"groupId": 7,
			"subscriptionUrl": "https://filters.adtidy.org/extension/chromium/filters/9.txt",
			"trustLevel": "full",
			"version": "2.0.17.80",
			"timeUpdated": "2023-03-31T12:32:41+0000",
			"languages": [
				"es",
				"pt"
			],
			"tags": [
				1,
				10,
				17,
				18
			]
		}
	]
}